keywords,Rephrase_TH
แพม,แพมเพิร์ส
โฟม,โฟมล้างหน้า
ลิป,ลิปสติก
ลีน,วาสลีน
สิว,สิว
ผสม,ผสม
ผิว,ผิว
ล้าง,ล้างหน้า
คิ้ว,คิ้ว
แปรง,แปรง
โอ้ต,ข้าวโอ้ต
สําลี,สำลี
ใบมีด,ใบมีดโกน
สำอาง,เครื่องสำอาง
แชมพู,แชมพู
สีพีช,สีพีช
ผงผัก,ผงผัก
จัดขน,กำจัดขน
คลํ้า,หมองคล้ำ
บำรุง,บำรุง
สมํ่า,สม่ำเสมอ
เพื่ม,เพิ่ม
สีฟัน,ยาสีฟัน
ลดสิว,ลดสิว
สุขาพ,สุขภาพ
ผงส้ม,ผงส้ม
ชาขาว,ชาขาว
เจลเจล,เจล
กระแดด,กระแดด
โลชั่น,โลชั่น
สีเล็บ,สีทาเล็บ
ลอยสิว,รอยสิว
ผิวสวย,ผิวสวย
ขัดผิว,ขัดผิว
ขับผิว,ขับผิว
ทุกโทน,ทุกโทนสี
ไกลยุง,ไกลยุง
โวชั่น,โลชั่น
ลดหลุม,ลดหลุมสิว
ครีมทา,ครีมทาผิว
ไล่ยุง,ไล่ยุง
สีผมสด,สีผม
สุขภาพ,สุขภาพ
ลดหน้า,ลดหน้ามัน
ไร้ยุง,ไร้ยุง
ผงแป้ง,แป้งฝุ่น
บํารุง,บำรุง
ขจัดขน,กำจัดขน
น้ำหอม,น้ำหอม
ซับสิว,ดูดซับสิว
ขุมขนม,รูขุมขน
รอยสิว,รอยสิว
รอยดํา,รอยดำ
เวคอัพ,เมคอัพ
โฟมโฟม,โฟม
เซรั่ม,เซรั่ม
อมชมพู,อมชมพู
เสปรย์,เสปรย์
กินเจล,เจล
น้ำนมม,น้ำนม
คูชั่น,คุชชั่น
มีสีผม,สีผม
ขาดนํ้า,ขาดน้ำ
แลดูผิว,ดูเเลผิว
ผิวเด็ก,ผิวเด็ก
ปัดคิ้ว,ปัดคิ้ว
ลดไขมัน,ลดไขมัน
แบบฝุ่น,แบบฝุ่น
บลัชออน,บลัชออน
คิ้วค่ะ,คิ้ว
วิตามิน,วิตามิน
ไบโอติก,โปรไบโอติก
ลดเชื้อ,ลดเชื้อแบคทีเรีย
ดูแลผิว,ดูแลผิว
จอห์สัน,จอห์นสัน
ล้างพิษ,ล้างสารพิษ
มีแชมพู,แชมพู
กำจัดขน,กำจัดขน
คนผมบาง,คนผมบาง
ยาทาล็บ,ยาทาเล็บ
โกนหนวด,ที่โกนหนวด
ขอบคิ้ว,คิ้ว
ชิเซโด้,ชิเซโด้
คุชชั่น,คุชชั่น
แป้งแร่,แป้ง
โคนหนวด,โกนหนวด
ฟรุทตี้,ฟรุตตี้
ชาเชียว,ชาเขียว
ขจัดผิว,ขจัดผิวมัน
เช็ดทํา,เช็ดทำความสะอาด
หวีลื่น,หวี
ลิปแคร์,ลิปแคร์
หัวแปรง,หัวแปรง
ผิวแห้ง,ผิวแห้ง
ฟรุตตี้,ฟรุตตี้
ครีมเจล,ครีมเจล
เป็นสิว,สิว
อายบราว,อายบราว
เป็นลิป,ลิป
ดูแลสิว,ดูแลผิว
ลิปกลอส,ลิปกลอส
นํ้าหอม,น้ำหอม
สุขาภาพ,สุขภาพ
รูรากผม,รากผม
กว่าโฟม,โฟม
เล็บเจล,เล็บเจล
ปลอดภัย,ปลอดภัย
สบู่ที่,สบู่
ปังคิ้ว,ปัดคิ้ว
โทเนอร์,โทนเนอร์
คอลลาเจน,คอลลาเจน
ทนยาวนาน,ติดทนยาวนาน
แลดูเล็ก,แลดูเล็กลง
บำรุงมือ,ครีมบำรุงมือ
วิตามินE,วิตามินE
ลดรอยย่น,ลดรอยย่น
ผสมแชมพู,แชมพู
รสทับทิม,ทับทิม
ดิสนี่ย์,ดิสนี่ย์
มีสีเข้ม,สีเข้ม
ไร้ไขมัน,ไร้ไขมัน
แต่งขนตา,แต่งขนตา
ลิปบาล์ม,ลิปบาล์ม
จอห์นสัน,จอห์นสัน
แลดูเด็ก,แลดูเด็กลง
ระชับผิว,กระชับผิว
ติดทนทาน,ติดทนทาน
รอยดำสิว,รอยดำจากสิว
แป้งรุ่น,แป้งฝุ่น
บีบีครีม,BB ครีม
ขนตาปลอม,ขนตาปลอม
กรดผลไม้,กรดผลไม้
สครับผิว,สครับผิว
ชุ่มชื้น,ชุ่มชื้น
าฟันปลอม,ยาสีฟัน
ทาสีเล็บ,สีทาเล็บ
สบู๋ก้อน,สบู่ก้อน
ผิวเรียบ,ผิวเรียบ
สำรับผิว,สำหรับผิว
สีทาเล็บ,สีทาเล็บ
กากอาหาร,กากใยอาหาร
ดูแลเล็บ,ดูแลเล็บ
บำรุงผิว,บำรุงผิว
การอาหาร,กากใยอาหาร
โทนเนอร์,โทนเนอร์
สบู่ก้อน,สบู่ก้อน
ไพรเมอร์,ไพรเมอร์
ผิวสว่าง,ผิวสว่าง
เวชสำอาง,เวชสำอาง
พอลุชั่น,โพลูชั่น
ชำระล้าง,ชำระล้าง
กรดแลคติ,กรดแลคติก
แลดูหน้า,ดูแลหน้า
เทนเนอร์,โทนเนอร์
ดูสุขภาพ,ดูสุขภาพดี
แป๊ะก๊วย,แปะก๊วย
คาโมไมล์,คาโมมายล์
คลีนซิ่ง,คลีนซิ่ง
ชุ่มชื่น,ชุ่มชื่น
เป็นสบู่,สบู่
วิตตามิน,วิตามิน
วิตามินC,วิตามิน C
เป็นแป้ง,แป้ง
ธรรมชาติ,ธรรมชาติ
เป็นไขมัน,ไขมัน
เขียนคิ้ว,ที่เขียนคิ้ว
นํ้าสะอาด,น้ำสะอาด
น้ำมันหอม,น้ำมันหอม
นำสมุนไพร,น้ำสมุนไพร
โฟมฟองโฟม,ฟองโฟม
ชุ่มชื้้น,ชุ่มชื้น
สําลีแผ่น,สำลีแผ่น
วิตามินเอ,วิตามิน A
รอยดําสิว,รอยดำจากสิว
ปิดบาดแผล,ปิดบาดแผล
เบสเมคอัพ,เบสเมคอัพ
คลีนเซอร์,คลีนเซอร์
วิตามินบี,วิตามิน B
ไพร์เมอร์,ไพรเมอร์
ผิวบอบบาง,ผิวบอบบาง
ชุ่มชื่้น,ชุ่มชื่น
ลงรองพื้น,ลงรองพื้น
สารฟอกขาว,สารฟอกขาว
เป็นแชมพู,แชมพู
ผิวกันแดด,ผิวกันแดด
ที่สุขภาพ,สุขภาพ
ดอกซากุระ,ดอกซากุระ
สเปรย์ทับ,สเปรย์
แดงอมชมพู,แดงอมชมพู
ขจัดเซลล์,ขจัดเซลล์ผิว
ผิวมันวาว,ผิวมันวาว
มาสก์แผ่น,มาส์กแผ่น
ปกป้องแดด,ปกป้องแดด
หนังศรีษะ,หนังศรีษะ
วิตามินอี,วิตามิน E
ครีมทาผิว,ครีมทาผิว
ครีมทามือ,ครีมทามือ
ดูแลดวงตา,ดูแลดวงตา
โดยแสงแดด,แสงแดด
โดยคอลเกต,คอลเกต
ผลัดเซลล์,ผลัดเซลล์ผิว
ให้โปรตีน,โปรตีน
เกลือทะเล,เกลือทะเล
โคเอนไซม์,โคเอนไซม์
ผนังศีรษะ,หนังศรีษะ
ทานโปรตีน,ทานโปรตีน
กระชับผิว,กระชับผิว
แบบแคปซูล,แคปซูล
สีชมพูพีช,สีชมพูพีช
ง้อกันแดด,กันแดด
เซรั่มที่,เซรั่ม
ลิควิดลิป,ลิควิดลิป
คลีนเนอร์,คลีนเนอร์
วางพัฟไข่,ที่วางพัฟไข่
หลัดเซลล์,ผลัดเซลล์ผิว
ลิปลิควิด,ลิปลิควิด
หัวขนแปรง,หัวขนแปรง
ผิวสีเข้ม,ผิวสีเข้ม
กักกันแดด,กันแดด
แลดูสุภาพ,แลดูสุภาพ
ครีมทาสิว,ครีมทาสิว
เติมไขมัน,เติมไขมัน
ลงลิปสติก,ลิปสติก
เบสกันแดด,เบสกันแดด
มีวิตามิน,มีวิตามิน
ผสมกันแดด,ผสมกันแดด
เหมือนเจล,เจล
เกิดเซลล์,เกิดเซลล์
เคลนเซอร์,คลีนเซอร์
สารกันแดด,สารกันแดด
เซรั่มผิว,เซรั่มผิว
คู่โลชั่น,โลชั่น
เป็นมาส์ก,มาส์ก
คือวิตามิน,วิตามิน
ล้างกันแดด,ล้างกันแดด
เป็นกันแดด,กันแดด
ดูแลผิวกาย,ดูแลผิวกาย
ลงแป้งฝุ่น,แป้งฝุ่น
ระงับกลิ่น,ระงับกลิ่นกาย
ยาสีฟันฟัน,ยาสีฟัน
มีแคลเซียม,แคลเซียม
ลดความชื้น,ลดความชื้น
คือกระเป๋า,กระเป๋า
ให้ผิวหนัง,ผิวหนัง
ทิชชูเปียก,ทิชชู่เปียก
สมุนไพรจีน,สมุนไพรจีน
หัวแปรงทรง,หัวแปรง
คุณความงาม,ความงาม
ทรงหน้ากาก,หน้ากาก
ใบแป๊ะก๊วย,ใบแปะก๊วย
mlสบู่เหลว,สบู่เหลว
ช็อกโกแล็ต,ช็อกโกแลต
บริเวณหน้า,บริเวณหน้า
มะนาวมะนาว,มะนาว
โพสไบโอติก,โพรไบโอติก
ดูแลสุขภาพ,ดูแลสุขภาพ
เมล็ดองุ่น,เมล็ดองุ่น
โปรไบโอติก,โปรไบโอติก
ตกแต่งเล็บ,ตกแต่งเล็บ
ล้างสารพิษ,ล้างสารพิษ
ไพร์มเมอร์,ไพรเมอร์
เนื้อสําลี,เนื้อสำลี
อ่างอาบน้ำ,อ่างอาบน้ำ
ลาเวนเดอร์,ลาเวนเดอร์
คอนซีเลอร์,คอนซีลเลอร์
เป็นเมคอัพ,เมคอัพ
เจลแต้มสิว,เจลแต้มสิว
เวย์โปรตีน,เวย์โปรตีน
เป็นสเปรย์,สเปรย์
พัฟคุชชั่น,พัฟคุชชั่น
ฟื้นบํารุง,ฟื้นบำรุง
คือสมุนไพร,สมุนไพร
ซิลิก้าเจล,ซิลิก้าเจล
บำรุงดวงตา,บำรุงดวงตา
ไพรม์เมอร์,ไพรเมอร์
ตัวแทนขนตา,ขนตา
ผิวแข็งแรง,ผิวแข็งแรง
ป้องกันแดด,ป้องกันแดด
แห่งเซรั่ม,เซรั่ม
คาร์โมไมล์,คาโมมายล์
อายไลเนอร์,อายไลเนอร์
ชั้นเซรั่ม,เซรั่ม
คงความนุ่ม,คงความนุ่ม
ลิปไลเนอร์,ลิปไลเนอร์
บำรุงรากผม,บำรุงรากผม
เป็นโลชั่น,เป็นโลชั่น
ป้องกันสิว,ป้องกันสิว
มอบความงาม,มอบความงาม
เป็นโปรตีน,โปรตีน
โดยหน้ากาก,หน้ากาก
แป้งฝุ่นที่,แป้งฝุ่น
ดูแลริ้วรอย,ดูแลริ้วรอยจางลง
เผยผิวเรียบ,ผิวเรียบเนียน
สำหรับทรงผม,สำหรับทรงผม
เป็นเอนไซม์,เอนไซม์
อาหารสุขภาพ,อาหารสุขภาพ
เป็นสมุนไพร,สมุนไพร
ช่วยดูแลผิว,ช่วยดูแลผิว
ทิชชู่เปียก,ทิชชู่เปียก
ให้ชุ่มชื้น,ชุ่มชื้น
ผสมแคลเซียม,ผสมแคลเซียม
ครีมกลางคืน,ครีมกลางคืน
ไวท์เทนนื่ง,ไวท์เทนนิ่ง
ดูดความชื้น,ดูดความชื้น
แห่งสมุนไพร,สมุนไพร
ปัดแป้งฝุ่น,แป้งฝุ่น
เป็นของขวัญ,ของขวัญ
ธรรมชาติรัง,ธรรมชาติ
คุณชุ่มชื้น,ชุ่มชื้น
คอนซีลเลอร์,คอนซีลเลอร์
เป็นกรดอ่อน,กรดอ่อน
ควมชุ่มชื้น,ความชุ่มชื้น
เคื่องสำอาง,เครื่องสำอาง
บริเวณดวงตา,บริเวณดวงตา
ผิวชุ่มชื้น,ผิวชุ่มชื้น
ที่แต่งหน้า,ที่แต่งหน้า
ส่งแป้งฝุ่น,แป้งฝุ่น
ปากชุ่มชื้น,ปากชุ่มชื้น
สุขภาพผิวดี,สุขภาพผิวดี
สารเรืองแสง,สารเรืองแสง
ให้แคลเซียม,แคลเซียม
เข้าผิวหนัง,ผิวหนัง
สบู่ล้างมือ,สบู่ล้างมือ
แคนเบอร์รี่,แครนเบอร์รี่
กลิ่นที่หอม,กลิ่นหอม
ผสมอัลมอนด์,ผสมอัลมอนด์
เจลอโลเวร่า,เจลอโลเวร่า
โลชั่นทาผิว,โลชั่นทาผิว
ผิวสุขภาพดี,ผิวสุขภาพดี
ดุแลผิวหน้า,ดูแลผิวหน้า
เจลหล่อลื่น,เจลหล่อลื่น
ผิวเด็กทารก,ผิวเด็กทารก
มาสคาร่าที่,มาสคาร่า
ดูแลช่องปาก,ดูแลช่องปาก
ค่าบำรุงผิว,บำรุงผิว
เป็นกระเป๋า,กระเป๋า
ดึงแคลเซียม,แคลเซียม
เมนโทลาทั่ม,เมนโทลาทั่ม
ธรรมชาติที่,ธรรมชาติ
กรดธรรมชาติ,กรดธรรมชาติ
สบู่สมุนไพร,สบู่สมุนไพร
เป็นลิปสติก,ลิปสติก
ดูแลผิวหน้า,ดูแลผิวหน้า
อายไลนเนอร์,อายไลเนอร์
คืนความนุ่ม,คืนความนุ่ม
ความอับชื้น,อับชื้น
ไวท์เทนนิ่ง,ไวท์เทนนิ่ง
บำรุงผิวมือ,บำรุงผิวมือ
ดูแลทุกสภาพ,ดูแลทุกสภาพผิว
แปรงสีฟันขน,แปรงสีฟันขนนุ่ม
เป็นวิตามิน,วิตามิน
กันแดดผิวกาย,กันแดดผิวกาย
ปังกันแสงแดด,ปัองกันแสงแดด
เป็นแต่งหน้า,แต่งหน้า
มัลติวิตามิน,มัลติวิตามิน
ผิวที่บอบบาง,ผิวที่บอบบาง
ปกป้องแสงแดด,ปกป้องแสงแดด
หนังศรีษะขณะ,หนังศรีษะ
หนังศีรษะที่,หนังศีรษะ
เป็นสารอาหาร,สารอาหาร
บำรุงส้นเท้า,บำรุงส้นเท้า
แต่งหน้าหน้า,แต่งหน้า
ชุดแปรงสีฟัน,ชุดแปรงสีฟัน
ควำมชุ่มชื่น,ความชุ่มชื่น
สูตรชุ่มชื้น,สูตรชุ่มชื้น
สเปรย์กันแดด,สเปรย์กันแดด
ความชุ่มชื้น,ความชุ่มชื้น
ปรับความนุ่ม,ปรับความนุ่ม
กว่าแป้งฝุ่น,แป้งฝุ่น
บำรุงชั้นผิว,บำรุงชั้นผิว
แต่งริมฝีปาก,ริมฝีปาก
ใช้แปรงสีฟัน,แปรงสีฟัน
ไวท์เทนนิ่งส,ไวท์เทนนิ่ง
เชียบัตเตอร์,เชียบัตเตอร์
ผิวกระจ่างใส,ผิวกระจ่างใส
สำหรับผิวกาย,สำหรับผิวกาย
สเปรย์กันยุง,สเปรย์กันยุง
เส้นเลือดขอด,เส้นเลือดขอด
เพอร์เฟคสกิน,เพอร์เฟคสกิน
บำรุงผิวหน้า,บำรุงผิวหน้า
กระดาษทิชชู่,กระดาษทิชชู่
เซรั่มกันแดด,เซรั่มกันแดด
หลังล้างหน้า,หลังล้างหน้า
ชโลมบำรุงผิว,ชโลมบำรุงผิว
สครับวิตามิน,สครับวิตามิน
คิ้วชุ่มชื้น,ชุ่มชื้น
เติมความนุ่ม,เติมความนุ่ม
มอยส์เจอร์ไร,มอยส์เจอร์ไรเซอร์
ควำมชุ่มชื้น,ความชุ่มชื้น
ธรรมชาตินานา,ธรรมชาติ
ทาอายไลเนอร์,อายไลเนอร์
ชุดชั้นในตัว,ชุดชั้นใน
ดูแลริมฝีปาก,ดูแลริมฝีปาก
ความกระชับผิว,กระชับผิว
เผยผิวแข็งแรง,เผยผิวแข็งแรง
ให้การเผาผลาญ,เพิ่มการเผาผลาญ
ที่ระบายอากาศ,ระบายอากาศ
คลีนซื่งออยล์,คลีนซิ่งออยล์
ให้การแปรงฟัน,แปรงฟัน
การป้องกันแดด,การป้องกันแดด
ทำไวท์เทนนิ่ง,ไวท์เทนนิ่ง
เพิ่มความชื้น,เพิ่มความชื้น
ลิปเนื้อแมตต์,ลิปเนื้อแมตต์
ว่านหางจระเข้,ว่านหางจระเข้
สารป้องกันแดด,สารป้องกันแดด
หน้ากากอนามัย,หน้ากากอนามัย
เซตอายไลเนอร์,เซตอายไลเนอร์
หัวอายไลเนอร์,หัวอายไลเนอร์
ผิวแตกผิวแห้ง,ผิวแตกผิวแห้ง
เป็นกรดอะมิโน,กรดอะมิโน
เพียวคอลลาเจน,เพียวคอลลาเจน
เครื่องสําอาง,เครื่องสําอาง
สำหรับผิวหน้า,สำหรับผิวหน้า
ระงับกลิ่นกาย,ระงับกลิ่นกาย
ป้องกันแสงแดด,ป้องกันแสงแดด
ซ่อมแซมผิวที่,ซ่อมแซมผิว
บริเวณผิวหน้า,บริเวณผิวหน้า
คืนความสดชื้น,คืนความสดชื่น
ปกป้องผิวหนัง,ปกป้องผิวหนัง
ลิควิดลิปสติก,ลิควิดลิปสติก
ความชุ่มชื้นน,ความชุ่มชื้น
สลีปปิ้งมาส์ก,สลีปปิ้งมาส์ก
การฟื้นฟูบํารุ,การฟื้นฟูบํารุง
มอยส์เจอร์ไรส์,มอยเจอร์ไรเซอร์
อายไลเนอร์ฟอร์,อายไลเนอร์
มีความชุ่มชื้น,ความชุ่มชื้น
ปลายอายไลเนอร์,อายไลเนอร์
เลนคอนแทคเลนส์,คอนแทคเลนส์
มัลติวิตามินบี,มัลติวิตามินบี
บำรุงสุขภาพผิว,บำรุงสุขภาพผิว
เซรั่มคอลลาเจน,เซรั่มคอลลาเจน
บรรเทาอาการปวด,บรรเทาอาการปวด
ซ่อมแซมผิวหนัง,ซ่อมแซมผิวหนัง
กว่านหางจระเข้,ว่านหางจระเข้
ผิวหน้าแข็งแรง,ผิวหน้าแข็งแรง
ไวท์เทนนิ่งโฟม,ไวท์เทนนิ่งโฟม
โลชั่นบำรุงผิว,โลชั่นบำรุงผิว
เร่งการเผาผลาญ,เร่งการเผาผลาญ
ใช้ไวท์เทนนิ่ง,ใช้ไวท์เทนนิ่ง
ผ้าอ้อมผู้ใหญ่,ผ้าอ้อมผู้ใหญ่
เส้นอายไลเนอร์,เส้นอายไลเนอร์
สารไวท์เทนนิ่ง,สารไวท์เทนนิ่ง
วิตามินบีคาเมล,วิตามินบี
แปรงอายไลเนอร์,แปรงอายไลเนอร์
ผ้าอนามัยแบบสอด,ผ้าอนามัยแบบสอด
ล้างหน้าอ่อนโยน,ล้างหน้าอ่อนโยน
ปกป้องหนังศีรษะ,ปกป้องหนังศีรษะ
มอยส์เจอร์เซอร์,มอยเจอร์ไรเซอร์
อุปกรณ์แต่งหน้า,อุปกรณ์แต่งหน้า
ผลิตภัณฑ์อาบน้ำ,ผลิตภัณฑ์อาบน้ำ
ดูแลทั่วร่างกาย,ดูแลทั่วร่างกาย
เจลหล่อลื่นกลิ่น,เจลหล่อลื่น
เล่นเครื่องสำอาง,เครื่องสำอาง
ยับยั้งแบคทีเรีย,ยับยั้งแบคทีเรีย
คลีนซิ่งบำรุงผิว,คลีนซิ่งบำรุงผิว
เจลว่านหางจระเข้,เจลว่านหางจระเข้
ความชุ่มชื้นมทำการ,ชุ่มชื้น
โปรวิตามินบีผิวแห้ง,วิตามินบี
เป็นสิวว่านหางจระเข้,ว่านหางจระเข้
ช่วยมอยส์เจอร์ไรเซอร์,มอยเจอร์ไรเซอร์
คอนแทคเลนส์เป็นเรื่อง,คอนแทคเลนส์
ช่วยดูแลผิวผิวชุ่มชื้น,ช่วยดูแลผิวชุ่มชื้น
โลชั่นบำรุงผิวบำรุงผิว,โลชั่นบำรุงผิว
คืนความชุ่มชื่นโปรไบโอติก,คืนความชุ่มชื่น